PUBUKPRN,UKPRN,COUNTRY,PUBUKPRNCOUNTRY,TEFOutcome,APROutcome,SUURL,SUURLW
10000047,10001143,XF,XF,Did not participate,,http://ccsu.co.uk/,
10000055,10000055,XF,XF,Silver,Meets requirements,http://www.nus.org.uk/en/students-unions/abingdon-and-witney-college-students-union/,
10000163,10000163,XF,XF,Silver,,http://www.aecc.ac.uk/undergrad/su/suhome.aspx,
10000216,10000216,XF,XF,Did not participate,,https://www.allnations.ac.uk/community-life,
10000248,10000248,XF,XF,Bronze,,https://www.nus.org.uk,
10000256,10007155,XF,XF,Did not participate,Meets requirements,https://www.upsu.net/,
10000291,10000291,XF,XF,Silver,Meets requirements,http://www.angliastudent.com,
10000381,10000381,XF,XF,Gold,,https://artsed.co.uk/musical-theatre/musical-theatre-student-union,
10000385,10000385,XF,XF,Gold,Meets requirements,http://www.aubsu.co.uk/,
10000409,10006299,XF,XF,Did not participate,Meets requirements,http://www.staffsunion.com,
10000415,10000415,XF,XF,Bronze,Meets requirements,https://www.askham-bryan.ac.uk/higher-education/student-life,
10000473,10000473,XF,XF,Bronze,Meets requirements,http://www.buckscollegegroup.ac.uk/student-life/beyondtheclassroom,
10000528,10000528,XF,XF,Did not participate,Meets requirements,http://www.barkingdagenhamcollege.ac.uk/en/facilities/student-union.cfm,
10000533,10000533,XF,XF,Bronze,Meets requirements,http://barnetsouthgate.ac.uk/higher-level-skills,
10000536,10000536,XF,XF,Did not participate,Meets requirements with an action plan,http://universitycampus.barnsley.ac.uk/life-at-ucb/student-union/,
10000571,10000571,XF,XF,Silver,Meets requirements,http://www.bathspasu.co.uk/,
10000610,10000610,XF,XF,Did not participate,Meets requirements,http://www.bedford.ac.uk,
10000654,10000654,XF,XF,Did not participate,,http://www.bca.ac.uk/courses/higher-education/,
10000670,10000670,XF,XF,Did not participate,Meets requirements,http://www.bexhillcollege.ac.uk,
10000712,10000712,XF,XF,Silver,Meets requirements,https://www.ucbguild.org.uk/,
10000720,10000720,XF,XF,Bronze,Meets requirements,https://bacoll.ac.uk/student-union/,
10000721,10000721,XF,XF,Bronze,Meets requirements,http://www.bishopburton.ac.uk/student-life/working/student-association,
10000747,10000747,XF,XF,Bronze,Meets requirements with an action plan,http://su.blackburn.ac.uk/,
10000754,10000754,XF,XF,Gold,Meets requirements,http://www.blackpool.ac.uk/bsu,
10000794,10000794,XF,XF,Did not participate,Meets requirements,http://www.boltoncollege.ac.uk/content/student-union,
10000812,10000812,XF,XF,Bronze,Meets requirements,http://www.boston.ac.uk/students/Pages/Experience-College.aspx,
10000820,10000820,XF,XF,Did not participate,Meets requirements with an action plan,https://www.thecollege.co.uk/student-life/students-union,
10000824,10000824,XF,XF,Silver,Meets requirements,http://www.subu.org.uk/,
10000833,10000833,XF,XF,Did not participate,Meets requirements,http://www.bracknell.ac.uk,
10000840,10000840,XF,XF,Bronze,Meets requirements,https://www.bradfordcollege.ac.uk/student-services/students-union,
10000878,10000878,XF,XF,Silver,Meets requirements,http://www.bridgwater.ac.uk/collegeinformation.php?category=84&page=85,
10000886,10000886,XF,XF,Silver,Meets requirements with an action plan,http://www.brightonsu.com/,
10000894,10000894,XF,XF,Provisional,,https://www.nus.org.uk/,
10000911,10007801,XF,XF,Did not participate,,http://www.upsu.com/,
10000936,10000936,XF,XF,Silver,Meets requirements,https://www.uco.ac.uk/life-uco/student-life/student-union,
10000944,10000944,XF,XF,Did not participate,Meets requirements,https://www.brock.ac.uk/sixth-form/social/,
10000948,10000948,XF,XF,Silver,Meets requirements,https://www.lsec.ac.uk/higher-education/support-for-students,
10000950,10000950,XF,XF,Silver,Meets requirements,http://www.brooklands.ac.uk/facilities/student-union,
10000952,10000952,XF,XF,Bronze,Meets requirements,http://he.brooksbymelton.ac.uk/student-experience/student-union/,
10000961,10000961,XF,XF,Silver,Meets requirements,https://brunelstudents.com/,
10000975,10000975,XF,XF,Silver,Meets requirements,http://www.bucksstudentsunion.org/,
10001000,10001000,XF,XF,Silver,Meets requirements,http://www.burnley.ac.uk/uclan/Student-Union,
10001004,10001004,XF,XF,Did not participate,Meets requirements,http://www.staffsunion.com,
10001005,10001005,XF,XF,Silver,Meets requirements,http://www.burycollegeunicentre.co.uk/,
10001093,10001093,XF,XF,Silver,Meets requirements,https://www.calderdale.ac.uk/student-life/students-union/,
10001143,10001143,XF,XF,Silver,Meets requirements,http://ccsu.co.uk/,
10001148,10005545,XF,XF,Did not participate,,https://www.rau.ac.uk/university-life/social/student-union,
10001165,10001165,XF,XF,Did not participate,Meets requirements,http://www.cardinalnewman.ac.uk/universitycourses/,
10001282,10001282,XF,XF,Silver,Meets requirements,http://mynsu.northumbria.ac.uk,
10001288,10006299,XF,XF,Did not participate,,http://www.staffsunion.com,
10001378,10001378,XF,XF,Did not participate,Meets requirements,https://www.chesterfield.ac.uk/college-life/student-union,
10001386,10001386,XF,XF,Silver,,http://www.chickenshed.org.uk,
10001446,10005545,XF,XF,Did not participate,Meets requirements,https://www.rau.ac.uk/university-life/social/student-union,
10001465,10001465,XF,XF,Silver,Meets requirements,https://www.bathcollege.ac.uk/college-life/students-union,
10001467,10001467,XF,XF,Silver,Meets requirements,http://www.cityofbristol.ac.uk,
10001474,10006299,XF,XF,Did not participate,,http://www.staffsunion.com,
10001475,10001475,XF,XF,Silver,Meets requirements,http://www.nus.org.uk/,
10001476,10001476,XF,XF,Did not participate,Meets requirements,http://www.cwc.ac.uk,
10001478,10001478,XF,XF,Silver,Meets requirements,http://www.city.ac.uk/alumni/benefits-and-services/students-union,
10001503,10001503,XF,XF,Gold,Meets requirements,http://hartlepool.ccad.ac.uk/student-union,
10001535,10001535,XF,XF,Silver,Meets requirements,http://www.colchester.ac.uk/students/students-union/,
10001546,10001546,XF,XF,Did not participate,,http://www.acupuncturecollege.org.uk/info/bsc-acupuncture/student-support/,
10001653,10001653,XF,XF,Gold,Meets requirements,http://www.nus.org.uk,
10001696,10001696,XF,XF,Silver,Meets requirements,http://www.cornwallstudents.org/,
10001726,10001726,XF,XF,Gold,Meets requirements,http://www.cusu.org/,
10001743,10001743,XF,XF,Did not participate,Meets requirements,https://www.craven-college.ac.uk/qualifications/degrees/higher-education-support,
10001778,10001778,XF,XF,Did not participate,Meets requirements,https://www.croydon.ac.uk/college-life/student-voice,
10001850,10007161,XF,XF,Silver,Pending,http://www.tees-su.org.uk/,
10001883,10001883,XF,XF,Gold,Meets requirements,http://www.demontfortstudents.com,
10001919,10001919,XF,XF,Silver,Meets requirements,http://www.dcsu.co.uk/,
10002011,10007146,XF,XF,Did not participate,,http://www.suug.co.uk/,
10002029,10001883,XF,XF,Did not participate,,http://www.demontfortstudents.com,
10002061,10002061,XF,XF,Silver,Meets requirements,http://www.centralbeds.ac.uk,
10002094,10002094,XF,XF,Silver,Meets requirements,https://www.wlc.ac.uk/student-life/life/student-union,
10002107,10002107,XF,XF,Did not participate,Meets requirements,http://www.eastberks.ac.uk/,
10002126,10002126,XF,XF,Silver,Meets requirements,https://www.eastridingcollege.ac.uk/study-with-us/life-at-east-riding-college,
10002130,10002130,XF,XF,Bronze,Meets requirements,https://www.esc.ac.uk/support-for-learning-in-higher-education,
10002143,10002143,XF,XF,Did not participate,Meets requirements,https://www.eastleigh.ac.uk/student-support/,
10002344,10002344,XF,XF,Did not participate,,https://www.eso.ac.uk/student-experience/,
10002370,10002370,XF,XF,Gold,Meets requirements,http://www.exe-coll.ac.uk/HE,
10002412,10002412,XF,XF,Bronze,Meets requirements,https://www.farn-ct.ac.uk/university-centre-farnborough/fees-support-for-degrees-and-higher-education/,
10002599,10002599,XF,XF,Silver,Meets requirements,http://www.furness.ac.uk/,
10002638,10002638,XF,XF,Silver,Meets requirements,http://www.gateshead.ac.uk/student-services/students-union/,
10002681,10002681,XH,XH,Did not participate,,http://www.theartschool.co.uk/,
10002696,10002696,XF,XF,Did not participate,Meets requirements,http://www.gloscol.ac.uk/student-and-parent-guide/the-students-union/overview/,
10002718,10002718,XF,XF,Bronze,Meets requirements,http://www.goldsmithssu.org/,
10002743,10002743,XF,XF,Silver,Meets requirements,http://www.grantham.ac.uk/student-life/,
10002767,10003957,XF,XF,Did not participate,,http://www.liverpoolsu.com,
10002815,10002815,XF,XF,Bronze,Meets requirements,http://www.guildford.ac.uk/DegreeLevel/TheFunStuff/StudentsUnion.aspx,
10002843,10002843,XF,XF,Bronze,Meets requirements,https://www.hadlow.ac.uk/university/the-student-union,
10002852,10002852,XF,XF,Silver,Meets requirements,https://www.halesowen.ac.uk/learners/student-union/,
10002863,10002863,XF,XF,Silver,Meets requirements,http://www.riversidecollege.ac.uk/he-student-support/,
10002899,10002899,XF,XF,Did not participate,Meets requirements,https://www.harlow-college.ac.uk,
10002917,10007161,XF,XF,Silver,Meets requirements,http://www.tees-su.org.uk/,
10002923,10002923,XF,XF,Provisional,Meets requirements,https://www.brightonsu.com,
10002935,10002935,XF,XF,Did not participate,Meets requirements with an action plan,http://www.havering-college.ac.uk/students-union.html,
10003010,10003010,XF,XF,Did not participate,Meets requirements,http://www.coventrycollege.ac.uk/life/student-council/,
10003022,10003022,XF,XF,Silver,Meets requirements,http://www.hca.ac.uk/Students/Student-Life/Student-Union,
10003023,10003023,XF,XF,Silver,Meets requirements,http://www.hlcollege.ac.uk/Student/learner-services.html,
10003035,10003035,XF,XF,Silver,Meets requirements,http://www.hrc.ac.uk/pages/common/HRC.aspx?pg=4447,
10003146,10003146,XF,XF,Bronze,Meets requirements,http://www.hopwood.ac.uk/19-plus-students/higher-education/,
10003193,10003193,XF,XF,Gold,Meets requirements,http://www.nus.org.uk/en/,
10003200,10003200,XF,XF,Bronze,Meets requirements,http://www.hcsu.co.uk/,
10003239,10003239,XF,XF,Did not participate,,http://www.iconcollege.com/students-union.php,
10003270,10003270,XF,XF,Gold,Meets requirements,https://www.imperialcollegeunion.org/,
10003331,10003331,XF,XF,Did not participate,,http://su.regents.ac.uk/,
10003336,10007977,XF,XF,Did not participate,,http://www.howcollege.ac.uk,
10003406,10003406,XF,XF,Did not participate,Meets requirements,https://www.iwcollege.ac.uk/information/student-services/,
10003425,10007144,XF,XF,Did not participate,,http://www.uelunion.org/,
10003511,10003511,XF,XF,Did not participate,,https://connect.jcc.ac.uk/enrol/index.php?id=629,
10003558,10003558,XF,XF,Did not participate,Meets requirements,http://www.uclansu.co.uk/,
10003566,10003566,XF,XF,Silver,,https://www.nus.org.uk/,
10003614,10003614,XF,XF,Silver,Meets requirements,https://www.winchester.ac.uk/accommodation-and-winchester-life/student-life/winchester-student-union,
10003645,10003645,XF,XF,Silver,Meets requirements,http://www.kclsu.org,
10003674,10003674,XF,XF,Bronze,Meets requirements,https://kingston-college.ac.uk/undergraduate/students-union,
10003676,10003676,XF,XF,Bronze,Meets requirements,https://www.kmc.ac.uk/student-life/student-council/,
10003678,10003678,XF,XF,Bronze,Meets requirements,http://www.kusu.co.uk/,
10003753,10003753,XF,XF,Did not participate,Meets requirements,http://www.lcwc.ac.uk/support/association/,
10003854,10003854,XF,XF,Silver,Meets requirements,http://www.leeds-art.ac.uk/life-in-leeds/students-union/,
10003855,10003855,XF,XF,Did not participate,Meets requirements,http://www.lcb.ac.uk/leeds-college/college-life/student-union,
10003861,10003861,XF,XF,Silver,Meets requirements,http://www.leedsbeckettsu.co.uk/,
10003863,10003863,XF,XF,Silver,Meets requirements,http://www.leedstrinity.ac.uk/student-life/students-union,
10003867,10003867,XF,XF,Gold,Meets requirements,https://leicestercollege.ac.uk/college-life/student-union/,
10003928,10003928,XF,XF,Silver,Meets requirements,http://www.lincolncollege.ac.uk/support,
10003945,10003945,XF,XF,Gold,Meets requirements,http://www.liverpoolsu.com/,
10003955,10003955,XF,XF,Gold,Meets requirements,https://my.liv-stu.co.uk/information/get-involved/student-union/,
10003956,10003956,XF,XF,Gold,Meets requirements,http://www.hopesu.com/,
10003957,10003957,XF,XF,Silver,Meets requirements,http://www.liverpoolsu.com,
10004048,10004048,XF,XF,Bronze,Meets requirements with an action plan,http://www.londonmetsu.org.uk/,
10004061,10004061,XF,XF,Bronze,,http://www.lsbm.ac.uk/student-guild,
10004063,10004063,XF,XF,Bronze,Meets requirements with an action plan,https://www.lsesu.com,
10004075,10004075,XF,XF,Did not participate,,https://www.nus.org.uk/,
10004078,10004078,XF,XF,Silver,Meets requirements,http://www.lsbu.ac.uk/student-life/students-union,
10004079,10004079,XF,XF,Gold,,http://www.londonstudiocentre.org/students/student-welfare,
10004112,10004112,XF,XF,Silver,Meets requirements,http://www.lsu.co.uk,
10004113,10004113,XF,XF,Gold,Meets requirements,http://www.lsu.co.uk/,
10004116,10014001,XF,XF,Did not participate,Meets requirements,http://www.uosunion.org/,
10004144,10004144,XF,XF,Provisional,Meets requirements,http://www.macclesfield.ac.uk,
10004177,10006299,XF,XF,Did not participate,,http://www.staffsunion.com,
10004180,10004180,XF,XF,Silver,Meets requirements,https://www.theunionmmu.org/,
10004320,10004320,XF,XF,Provisional,,http://www.metanoia.ac.uk/student-representatives/,
10004340,10004340,XF,XF,Did not participate,Meets requirements,https://www.midkent.ac.uk/help-advice/student-services/,
10004344,10004344,XF,XF,Gold,Meets requirements,https://www.nus.org.uk/,
10004351,10004351,XF,XF,Silver,Meets requirements,http://www.mdxsu.com/,
10004365,10004365,XF,XF,Did not participate,,http://mpacollege.co.uk/support-services/,
10004375,10004375,XF,XF,Bronze,Meets requirements,https://www.mkcollege.https://www.mkcollege.ac.uk/student-support-and-experience/student-voice,
10004432,10004432,XF,XF,Provisional,,https://www.morleycollege.ac.uk/student-representation,
10004442,10004442,XF,XF,Did not participate,Meets requirements with an action plan,http://www.moulton.ac.uk/the-college/life-at-moulton/studying-at-moulton/student-association,
10004450,10004450,XF,XF,Did not participate,,https://www.mountview.org.uk/courses/life-at-mountview/students-union/,
10004478,10004478,XF,XF,Gold,Meets requirements,https://en-gb.facebook.com/myerscoughstudentunion/,
10004538,10004538,XF,XF,Did not participate,,https://nazarene.ac.uk/course/ba-hons-theology/,
10004552,10004552,XF,XF,Did not participate,Meets requirements,https://www.nelson.ac.uk/get-in-touch/,
10004576,10004576,XF,XF,Silver,Meets requirements,http://www.newcollegedurham.ac.uk/the-college/students-union/,
10004577,10004577,XF,XF,Did not participate,Meets requirements,https://www.nottinghamcollege.ac.uk/life-at-college/practical-help/student-support,
10004579,10004579,XF,XF,Did not participate,Meets requirements with an action plan,http://www.newcollege.ac.uk/content/student-union,
10004596,10004596,XF,XF,Did not participate,Meets requirements,http://www.newbury-college.ac.uk/,
10004599,10004599,XF,XF,Silver,Meets requirements,https://www.ncl-coll.ac.uk/the-college/student-union,
10004603,10006299,XF,XF,Did not participate,Meets requirements,http://www.staffsunion.com,
10004607,10004607,XF,XF,Did not participate,Meets requirements,https://www.newham.ac.uk/nuc/,
10004609,10003678,XF,XF,Did not participate,,http://www.kusu.co.uk/,
10004676,10004676,XF,XF,Silver,Meets requirements with an action plan,https://www.petroc.ac.uk/he,
10004686,10004686,XF,XF,Did not participate,,http://www.nescot.ac.uk/higher-education/,
10004690,10007147,XF,XF,Silver,Meets requirements,http://www.hertfordshire.su/,
10004695,10004695,XF,XF,Silver,Meets requirements,http://www.northlindsey.ac.uk/higher-education,
10004718,10004718,XF,XF,Did not participate,Meets requirements with an action plan,http://www.nwhc.ac.uk,
10004721,10004721,XF,XF,Did not participate,Meets requirements,https://www.northkent.ac.uk/college-life/student-union.aspx,
10004736,10004736,XF,XF,Silver,Meets requirements,https://www.gbmc.ac.uk/,
10004740,10004740,XF,XF,Bronze,,https://chinese-medicine.co.uk/the-college/student-union,
10004760,10004760,XF,XF,Silver,Meets requirements,http://www.nus.org.uk/en/students-unions/,
10004772,10004772,XF,XF,Did not participate,Meets requirements with an action plan,https://www.ccn.ac.uk/student-experience/students-union/,
10004775,10004775,XF,XF,Gold,Meets requirements,https://www.nuasu.co.uk/,
10004797,10004797,XF,XF,Gold,Meets requirements,http://www.trentstudents.org,
10004835,10004835,XF,XF,Silver,Meets requirements,https://hertfordshire.su/,
10004927,10004927,XF,XF,Silver,Meets requirements,http://www.activatelearning.ac.uk/university-level/our-colleges,
10004930,10004930,XF,XF,Silver,Meets requirements,http://www.brookesunion.org.uk/,
10005032,10005032,XF,XF,Bronze,Meets requirements,http://www.salfordcc.ac.uk,
10005072,10005072,XF,XF,Silver,Meets requirements,https://ahed.psc.ac.uk/website/psapps/Default.aspx,
10005077,10005077,XF,XF,Did not participate,,http://www.ucp.ac.uk/supporting-you/,
10005124,10005124,XF,XF,Did not participate,Meets requirements,https://www.plumpton.ac.uk/information/student-life/student-union/,
10005127,10005127,XF,XF,Bronze,Meets requirements,http://www.plymouthart.ac.uk/studying/students-union/,
10005128,10005128,XF,XF,Gold,Meets requirements,http://www.cityplym.ac.uk/su,
10005200,10005200,XF,XF,Bronze,Meets requirements,https://www.preston.ac.uk/studentservices/,
10005337,10005337,XH,XH,Did not participate,,http://qmusu.org.uk/,
10005343,10005343,XG,XG,Did not participate,Meets requirements,http://www.qubsu.org/,
10005389,10005389,XF,XF,Silver,Meets requirements,http://ravesu.co.uk/,
10005404,10005404,XF,XF,Bronze,Meets requirements,https://ucreaseheath.ac.uk/undergraduate-study/student-life/#student-association,
10005414,10007161,XF,XF,Did not participate,,http://www.tees-su.org.uk/,
10005451,10005451,XF,XF,Provisional,,https://arden.ac.uk/studying-with-us/why-arden/student-support/students-union,
10005455,10007146,XF,XF,Did not participate,,http://www.suug.co.uk/,
10005465,10005465,XF,XF,Did not participate,Meets requirements,http://www.huish.ac.uk/student-life,
10005469,10005469,XF,XF,Did not participate,Meets requirements,http://www.rutc.ac.uk/key-information/higher-education/538-useful-information.html,
10005470,10005470,XF,XF,Provisional,,https://www.richmond.ac.uk/studentgovernment,
10005500,10005500,XH,XH,Gold,,http://www.rguunion.co.uk,
10005523,10005523,XF,XF,Gold,Meets requirements,https://www.bruford.ac.uk/study/whilst-here/student-life/,
10005534,10005534,XF,XF,Silver,Meets requirements,http://www.rotherham.ac.uk/HigherEducation,
10005544,10005544,XF,XF,Did not participate,,https://www.rad.org.uk/study/higher-education/higher-education-1/before-you-apply,
10005545,10005545,XF,XF,Silver,Meets requirements,https://www.rau.ac.uk/university-life/social/student-union,
10005553,10005553,XF,XF,Silver,Meets requirements,http://www.su.rhul.ac.uk/,
10005561,10005561,XH,XH,Did not participate,,https://www.rcs.ac.uk/studyhere/studentsupport/bystudentsforstudents/,
10005583,10005583,XF,XF,Did not participate,Meets requirements,https://www.facebook.com/ruskinstudentunion/,
10005669,10005669,XF,XF,Did not participate,Pending,http://www.sandwell.ac.uk/school-leaver-courses/student-union/,
10005700,10005700,XH,XH,Did not participate,,http://www.sruc.ac.uk/info/120377/students_association,
10005736,10005736,XF,XF,Did not participate,Meets requirements,https://www.seevic-college.ac.uk/higher-education/student-life.aspx,
10005741,10005741,XF,XF,Silver,Meets requirements,http://selby.ac.uk/studying-at-selby-college/college-life/,
10005788,10005788,XF,XF,Did not participate,Meets requirements,http://www.sheffcol.ac.uk/college-life/student-union,
10005790,10005790,XF,XF,Silver,Meets requirements,http://www.shu.ac.uk/university/union/index.html,
10005822,10005822,XF,XF,Did not participate,Meets requirements,http://www.nus.org.uk/,
10005916,10005916,XF,XF,Did not participate,,http://www.creativeacademy.org/main/,
10005946,10005946,XF,XF,Silver,Meets requirements,http://www.solihull.ac.uk/courses.php?id=uni__level_learner&uid=Student_Services,
10005967,10005967,XF,XF,Bronze,Meets requirements with an action plan,https://www.sccb.ac.uk/university-level/student-support,
10005972,10005972,XF,XF,Did not participate,Meets requirements,https://www.ccsw.ac.uk/student-life/student-voice,
10005977,10005977,XF,XF,Gold,Meets requirements,https://www.southdevon.ac.uk/university,
10005979,10005979,XF,XF,Did not participate,Meets requirements,https://www.hsdc.ac.uk/study-with-us/higher-education/,
10005981,10005981,XF,XF,Did not participate,Meets requirements with an action plan,https://www.southessex.ac.uk/student-life/student-union,
10005998,10005998,XF,XF,Silver,Meets requirements,http://www.trafford.ac.uk,
10005999,10005999,XF,XF,Silver,Meets requirements,http://www.stc.ac.uk/page/students-union,
10006020,10006020,XF,XF,Did not participate,Meets requirements,http://www.southampton-city.ac.uk,
10006022,10006022,XF,XF,Silver,Meets requirements,http://www.solentsu.co.uk/,
10006038,10006038,XF,XF,Bronze,Meets requirements,http://southport.ac.uk/StudentServices/index.asp,
10006050,10006050,XF,XF,Gold,Meets requirements,http://www.nus.org.uk/en/students-unions/,
10006093,10006093,XF,XF,Provisional,,http://www.spurgeons.ac.uk/why/facilities,
10006174,10006174,XF,XF,Did not participate,Meets requirements,http://www.sthelens.ac.uk,
10006226,10006226,XF,XF,Did not participate,Meets requirements,https://www.stmarysblackburn.ac.uk/sixth-form/student-support/,
10006243,10006243,XF,XF,Provisional,,https://www.nus.org.uk/en/students-unions/,
10006299,10006299,XF,XF,Silver,Meets requirements,http://www.staffsunion.com,
10006303,10006303,XF,XF,Silver,Meets requirements,http://www.stamford.ac.uk/student-union,
10006322,10006322,XF,XF,Did not participate,Meets requirements,http://www.stephensoncoll.ac.uk/students/nus/,
10006341,10007161,XF,XF,Silver,Meets requirements,http://www.tees-su.org.uk/,
10006349,10006299,XF,XF,Bronze,Meets requirements,http://www.staffsunion.com,
10006378,10006378,XF,XF,Silver,Meets requirements,http://www.strode-college.ac.uk/college-info/students-association/what-we-do/,
10006398,10014001,XF,XF,Did not participate,Meets requirements,http://www.uosunion.org/,
10006427,10006427,XF,XF,Silver,Meets requirements,https://ucasu.com/,
10006442,10006442,XF,XF,Did not participate,Meets requirements,https://www.bmet.ac.uk/about-bmet/extra-curricular/student-enrichment/,
10006463,10006463,XF,XF,Did not participate,Meets requirements with an action plan,https://www.swindon.ac.uk/Student-Information/Student-Council-Course-Reps.aspx,
10006494,10006494,XF,XF,Did not participate,Meets requirements,http://www.tameside.ac.uk/Pages/Higher_Education/student_voice.aspx,
10006549,10006549,XF,XF,Did not participate,,https://www.tcat.ac.uk/higher-education/,
10006566,10006566,XF,XF,Silver,Meets requirements,http://www.uwlsu.com,
10006570,10006570,XF,XF,Did not participate,Meets requirements,http://www.canterburycollege.ac.uk/student-information/students-union/,
10006770,10006770,XF,XF,Provisional,Meets requirements with an action plan,http://www.oldham.ac.uk/studentlife/student-union.aspx,
10006840,10006840,XF,XF,Gold,Meets requirements,http://www.birmingham.ac.uk/students/birmingham/guild.aspx,
10006841,10006841,XF,XF,Silver,Meets requirements with an action plan,http://www.boltonsu.com/,
10006842,10006842,XF,XF,Silver,Meets requirements,http://www.liverpoolguild.org/,
10006963,10006963,XF,XF,Did not participate,Pending,http://vle.ncclondon.ac.uk,
10007011,10007011,XF,XF,Silver,Meets requirements,http://www.northamptoncollege.ac.uk/support-for-students/348-students-union.html,
10007063,10007063,XF,XF,Gold,Meets requirements,https://www.truro-penwith.ac.uk/what-to-study/higher-education/student-support,
10007114,10007114,XH,XH,Did not participate,,http://www.hisa.uhi.ac.uk,
10007137,10007137,XF,XF,Silver,Meets requirements,http://www.ucsu.org/,
10007138,10007138,XF,XF,Gold,Meets requirements,http://www.northampton.ac.uk/about-us/services-and-facilities/students-union/,
10007139,10007139,XF,XF,Silver,Meets requirements,http://www.worcsu.com,
10007140,10007140,XF,XF,Silver,Meets requirements,https://www.bcusu.com/,
10007141,10007141,XF,XF,Silver,Meets requirements,http://www.uclansu.co.uk/,
10007143,10007143,XF,XF,Gold,Meets requirements,https://www.durhamsu.com/,
10007144,10007144,XF,XF,Bronze,Meets requirements,http://www.uelunion.org/,
10007145,10007145,XF,XF,Silver,Meets requirements,http://www.yourstudentsunion.com/,
10007146,10007146,XF,XF,Silver,Meets requirements,http://www.suug.co.uk/,
10007147,10007147,XF,XF,Gold,Meets requirements,http://www.hertfordshire.su/,
10007148,10007148,XF,XF,Gold,Meets requirements,http://www.huddersfield.su/advice,
10007149,10007149,XF,XF,Silver,Meets requirements,https://hullstudent.com/,
10007150,10007150,XF,XF,Gold,Meets requirements,http://www.kentunion.co.uk/,
10007151,10007151,XF,XF,Gold,Meets requirements,http://www.lincolnsu.com/advice,
10007152,10007152,XF,XF,Silver,Meets requirements,http://www.bedssu.co.uk/,
10007154,10007154,XF,XF,Gold,Meets requirements,http://www.uonsu-success.co.uk/about-us/,
10007155,10007155,XF,XF,Gold,Meets requirements,https://www.upsu.net/,
10007156,10007156,XF,XF,Bronze,Meets requirements,http://www.salfordstudents.com/,
10007157,10007157,XF,XF,Silver,Meets requirements,http://su.sheffield.ac.uk/,
10007158,10007158,XF,XF,Silver,Meets requirements,http://www.susu.org/,
10007159,10007159,XF,XF,Silver,Meets requirements,http://www.sunderlandsu.co.uk/,
10007160,10007160,XF,XF,Gold,Meets requirements,http://www.ussu.co.uk/Pages/Default.aspx,
10007161,10007161,XF,XF,Silver,Meets requirements,http://www.tees-su.org.uk/,
10007162,10007162,XF,XF,Silver,Meets requirements,https://www.arts-su.com/contact,
10007163,10007163,XF,XF,Silver,Meets requirements,http://www.warwicksu.com,
10007164,10007164,XF,XF,Gold,Meets requirements,http://www.uwesu.org/,
10007165,10007165,XF,XF,Bronze,Meets requirements with an action plan,http://www.uwsu.com/,
10007166,10007166,XF,XF,Silver,Meets requirements,http://wlv.ac.uk/su,
10007167,10007167,XF,XF,Gold,Meets requirements,http://www.yusu.org/,
10007193,10007193,XF,XF,Did not participate,Meets requirements,http://www.uxbridgecollege.ac.uk,
10007289,10007289,XF,XF,Silver,Meets requirements,http://www.nus.org.uk/en/students-unions/,
10007361,10007361,XF,XF,Did not participate,,https://www.waverleyabbeycollege.ac.uk/about/college-life/,
10007417,10007417,XF,XF,Gold,Meets requirements,http://www.westherts.ac.uk/,
10007419,10007419,XF,XF,Silver,Meets requirements,https://www.westkent.ac.uk/university/the-student-union,
10007427,10007427,XF,XF,Silver,Meets requirements,http://www.wnc.ac.uk/Facilities-and-services/Students-union.aspx,
10007431,10014001,XF,XF,Did not participate,Meets requirements,http://www.uosunion.org/,
10007434,10007434,XF,XF,Did not participate,Meets requirements,http://www.west-thames.ac.uk/en/higher-education/,
10007455,10007455,XF,XF,Did not participate,Meets requirements,http://www.conel.ac.uk/for-learners/1002-the-students-union.html,
10007459,10007459,XF,XF,Gold,Meets requirements,http://www.ucw.ac.uk/students/get-involved/,
10007469,10007469,XF,XF,Did not participate,Meets requirements,https://www.upsu.com/?,
10007500,10007500,XF,XF,Silver,Meets requirements,https://www.wigan-leigh.ac.uk/student-services,
10007527,10007527,XF,XF,Bronze,Meets requirements,http://www.wiltshire.ac.uk/studentlife/studentunion/parliament.asp,
10007553,10007553,XF,XF,Did not participate,Meets requirements,http://wmc.ac.uk/the-college/about-wirral-met-college/232-students-union,
10007578,10007578,XF,XF,Did not participate,Meets requirements,http://www.wolvcoll.ac.uk/union,
10007643,10007137,XF,XF,Did not participate,,http://www.ucsu.org/,
10007657,10007657,XF,XF,Bronze,Meets requirements,http://www.writtle.ac.uk/Students'-Union,
10007696,10007696,XF,XF,Bronze,Meets requirements,http://www.ycuc.ac.uk/About/StudentExperience.html,
10007709,10007709,XF,XF,Silver,Meets requirements,https://www.nus.org.uk/en/students-unions/york-college-students-union/,
10007713,10007713,XF,XF,Bronze,Meets requirements,http://ysjsu.com/,
10007759,10007759,XF,XF,Gold,Meets requirements,https://www.astonsu.com/,
10007760,10007760,XF,XF,Silver,Meets requirements,http://www.birkbeckunion.org/,
10007761,10007761,XF,XF,Silver,Meets requirements,http://www.courtauldsu.com,
10007762,10007762,XH,XH,Did not participate,,http://www.gcu.ac.uk/kis/studentsassociation,
10007764,10007764,XH,XH,Silver,,https://www.hwunion.com/,
10007767,10007767,XF,XF,Gold,Meets requirements,http://www.keelesu.com/,
10007768,10007768,XF,XF,Gold,Meets requirements,http://www.lancaster.ac.uk/study/teaching-and-learning/students-union-support/,
10007772,10007772,XH,XH,Did not participate,,http://napierstudents.com/,
10007773,10007773,XF,XF,Did not participate,Meets requirements,http://www.open.ac.uk/ousa/,
10007774,10007774,XF,XF,Gold,Meets requirements,http://www.ousu.org,
10007775,10007775,XF,XF,Silver,Meets requirements,http://www.qmsu.org,
10007776,10007776,XF,XF,Bronze,Meets requirements,http://www.roehamptonstudent.com/student-support/,
10007778,10007778,XF,XF,Gold,Meets requirements,http://rcmstudentsunion.com/,
10007779,10007779,XF,XF,Gold,Meets requirements,https://www.rvcsu.org.uk/union/,
10007780,10007780,XF,XF,Silver,Meets requirements,http://soasunion.org/,
10007782,10007782,XF,XF,Bronze,Meets requirements,http://www.sgsu.org.uk,
10007783,10007783,XH,XH,Did not participate,,http://www.ausa.org.uk/,
10007784,10007784,XF,XF,Silver,Meets requirements,http://uclu.org/,
10007785,10007785,XF,XF,Silver,Meets requirements,https://www.bradfordunisu.co.uk/,
10007786,10007786,XF,XF,Silver,Meets requirements,http://www.bristolsu.org.uk/,
10007787,10007787,XF,XF,Gold,,http://www.buckingham.ac.uk/life/social/su,
10007788,10007788,XF,XF,Gold,Meets requirements,http://www.cusu.co.uk/,
10007789,10007789,XF,XF,Gold,Meets requirements,https://www.uea.su/,
10007790,10007790,XH,XH,Did not participate,,http://www.eusa.ed.ac.uk/,
10007791,10007791,XF,XF,Gold,Meets requirements,http://www.essexstudent.com,
10007792,10007792,XF,XF,Gold,Meets requirements,http://www.exeter.ac.uk/students/guild/,
10007793,10007793,XI,XI,Did not participate,,http://www.uswsu.com/,
10007794,10007794,XH,XH,Did not participate,,http://www.guu.co.uk,
10007795,10007795,XF,XF,Gold,Meets requirements,http://www.leedsuniversityunion.org.uk/,
10007796,10007796,XF,XF,Silver,Meets requirements,http://leicesterunion.com/about,
10007798,10007798,XF,XF,Silver,Meets requirements,http://manchesterstudentsunion.com/,
10007799,10007799,XF,XF,Gold,Meets requirements,http://www.ncl.ac.uk/undergraduate/life/union/,
10007800,10007800,XH,XH,Did not participate,,http://www.sauws.org.uk/,
10007801,10007801,XF,XF,Silver,Meets requirements,http://www.upsu.com/,
10007802,10007802,XF,XF,Silver,Meets requirements,http://www.rusu.co.uk/,
10007803,10007803,XH,XH,Gold,,http://www.st-andrews.ac.uk/study/why/life/students-association/,
10007804,10007804,XH,XH,Did not participate,,http://www.stir.ac.uk/campus-life/the-students-union/,
10007805,10007805,XH,XH,Did not participate,,http://www.strath.ac.uk/studywithus/accommodation/,
10007806,10007806,XF,XF,Silver,Meets requirements,http://www.sussex.ac.uk/study/ug/studentlife,
10007807,10007807,XG,XG,Did not participate,Meets requirements,http://www.uusu.org/,
10007811,10007811,XF,XF,Gold,Meets requirements,http://www.bgsu.co.uk/,
10007812,10007812,XF,XF,Did not participate,,http://www.ulipsu.eu,
10007814,10007814,XI,XI,Silver,,http://www.cardiffstudents.com/,http://www.cardiffstudents.com/
10007816,10007816,XF,XF,Gold,Meets requirements,http://centralsu.tumblr.com/,
10007817,10007817,XF,XF,Silver,Meets requirements,https://chichester.ac.uk/chi-su,
10007820,10007820,XI,XI,Did not participate,,https://www.gllm.ac.uk/learner-information/learner-services-and-support/?LangType=2057,https://www.gllm.ac.uk/learner-information/learner-services-and-support/?LangType=1106
10007823,10007823,XF,XF,Gold,Meets requirements,http://www.edgehillsu.org.uk/,
10007825,10007825,XF,XF,Gold,Meets requirements,http://www.gsmd.ac.uk/about_the_school/shared_left_nav/life_at_the_school/students_union/,
10007832,10007832,XF,XF,Silver,Meets requirements,http://www.newmansu.org,
10007833,10007833,XI,XI,Silver,,http://www.studentsguild.glyndwr.ac.uk/,http://www.studentsguild.glyndwr.ac.uk/
10007834,10007858,XI,XI,Did not participate,,http://www.tsdsu.co.uk/,http://www.tsdsu.co.uk/
10007835,10007835,XF,XF,Gold,Meets requirements,http://www.ram.ac.uk/study/students-union,
10007837,10007837,XF,XF,Gold,Meets requirements,http://www.rncm.ac.uk/study-here/students-union/,
10007838,10007793,XI,XI,Did not participate,,http://www.uswsu.com/,
10007839,10007839,XF,XF,Provisional,,http://www.sae.edu/gbr/student-voice,
10007842,10007842,XF,XF,Bronze,Meets requirements with an action plan,http://www.ucsu.me,
10007843,10007843,XF,XF,Silver,Meets requirements,http://www.stmaryssu.co.uk/,
10007848,10007848,XF,XF,Silver,Meets requirements,http://www.chestersu.com/,
10007849,10007849,XH,XH,Silver,,http://www.abertaysa.com/,
10007850,10007850,XF,XF,Gold,Meets requirements,http://www.bathstudent.com/,
10007851,10007851,XF,XF,Gold,Meets requirements,http://www.derbyunion.co.uk/,
10007852,10007852,XH,XH,Gold,,http://www.dundee.ac.uk/general/campusguide/virtualtour/dusa/,
10007854,10007854,XI,XI,Silver,,http://www.cardiffmetsu.co.uk/,http://www.cardiffmetsu.co.uk/
10007855,10007855,XI,XI,Gold,,https://www.swansea-union.co.uk/,https://www.swansea-union.co.uk/
10007856,10007856,XI,XI,Gold,,http://www.abersu.co.uk/,http://www.umaber.co.uk/
10007857,10007857,XI,XI,Gold,,https://www.undebbangor.com/,https://cy.undebbangor.com/
10007858,10007858,XI,XI,Bronze,,http://www.tsdsu.co.uk/,http://www.tsdsu.co.uk/
10007859,10007859,XF,XF,Bronze,Meets requirements,http://www.warwickshire.ac.uk/su/,
10007912,10007912,XF,XF,Provisional,,http://www.cliffcollege.ac.uk/students/slt/,
10007924,10007924,XF,XF,Provisional,Meets requirements,http://www.dudley.ac.uk/,
10007928,10007928,XF,XF,Bronze,Meets requirements,https://www.fareham.ac.uk/college-courses/higher-education-courses-2/,
10007937,10007937,XF,XF,Did not participate,,http://blog.gsm.org.uk/student-news/,
10007938,10007938,XF,XF,Silver,Meets requirements,http://www.ucgstudentunion.co.uk,
10007945,10007945,XF,XF,Bronze,Meets requirements,https://www.highbury.ac.uk/higher-education/,
10007977,10007977,XF,XF,Silver,Meets requirements,http://www.howcollege.ac.uk,
10008010,10008010,XG,XG,Did not participate,Meets requirements,http://www.stran.ac.uk/informationfor/prospectivestudents/studentservices/studentsunion/,
10008017,10008017,XF,XF,Silver,Meets requirements,https://www.trinitylaban.ac.uk/student-life,
10008026,10008026,XG,XG,Did not participate,Meets requirements,http://www.smucb.ac.uk/academic/students/union.asp,
10008071,10008071,XF,XF,Provisional,,http://studentforum.aaschool.ac.uk/,
10008119,10008119,XI,XI,Did not participate,,http://www.bridgend.ac.uk/student-union/,http://www.bridgend.ac.uk/student-union/
10008173,10008173,XF,XF,Provisional,,https://www.nus.org.uk/,
10008289,10008289,XF,XF,Provisional,,https://www.studentcentral.london,
10008325,10008325,XF,XF,Provisional,,https://www.nus.org.uk/,
10008362,10008362,XF,XF,Did not participate,,https://www.lsst.ac/support-and-facilities/student-union,
10008397,10008397,XF,XF,Gold,,https://www.nus.org.uk,
10008430,10007137,XF,XF,Did not participate,,http://www.ucsu.org/,
10008455,10008455,XF,XF,Silver,,http://www.regentcollegelondon.com/our-students/national-union-of-students/,
10008640,10008640,XF,XF,Gold,Meets requirements,http://www.fxu.org.uk,
10008912,10008912,XI,XI,Did not participate,,https://www.coleggwent.ac.uk/highereducation/fees_and_financial_support_(9),https://www.coleggwent.ac.uk/index.php?view=article&id=9&lan=cym&csrf=4oY8P0xo2K
10008914,10007793,XI,XI,Did not participate,,http://www.uswsu.com/,
10009527,10009527,XF,XF,Did not participate,,https://www.istitutomarangoni.com/en/campus/london/,
10009612,10009612,XF,XF,Provisional,,http://lutherkinghouse.org.uk/why-study-at-lkh/community-life/facilities/,
10009614,10009614,XI,XI,Silver,,https://www.nptcgroup.ac.uk/student-zone/student-union/,https://www.nptcgroup.ac.uk/cy/parth-myfyrwr/undeb-y-myfyrwyr/
10009619,10007793,XI,XI,Did not participate,,http://www.uswsu.com/,
10010213,10010213,XF,XF,Did not participate,,http://www.nsu.org.uk,
10010227,10010227,XF,XF,Provisional,,http://www.oakhill.ac.uk/campus/student_committee.html,
10010308,10010308,XF,XF,Did not participate,,https://www.nus.org.uk/,
10013109,10013109,XF,XF,Did not participate,,http://lbbaglobal.com/student_support.html,
10014001,10014001,XF,XF,Bronze,Meets requirements,http://www.uosunion.org/,
10015506,10015506,XF,XF,Bronze,,https://www.nus.org.uk/en/who-we-are/,
10019178,10019178,XF,XF,Provisional,,https://www.pointblankmusicschool.com/quality-and-governance/student-feedback-and-enhancement/,
10019746,10019746,XF,XF,Did not participate,,http://www.abicollege.ac.uk/student-life,
10020416,10020416,XF,XF,Bronze,,https://www.nus.org.uk/,
10020439,10020439,XF,XF,Provisional,,http://www.oxfordbusinesscollege.ac.uk/wp-content/uploads/2017/06/Student-Council-Guidance-Handbook.pdf,
10020883,10006299,XF,XF,Did not participate,,http://www.staffsunion.com,
10021100,10021100,XF,XF,Did not participate,,http://www.regents-tc.ac.uk/student-support/,
10021682,10021682,XF,XF,Gold,,https://www.essexstudent.com/,
10022021,10022021,XF,XF,Did not participate,,https://www.nus.org.uk,
10022047,10022047,XF,XF,Did not participate,,http://web.empirecollege.london/student-welfare-services/,
10022087,10022087,XF,XF,Bronze,,http://uclan.unioncloud.org/,
10022285,10022285,XF,XF,Bronze,,https://lsme.ac.uk/students/student-engagement,
10023139,10023139,XF,XF,Silver,Meets requirements with an action plan,https://ucenmcr.tmc.ac.uk/life/student-union,
10023290,10023290,XF,XF,Did not participate,,http://wlcb.co.uk/beta/wlcbm/student-support/,
10023452,10023452,XF,XF,Did not participate,,https://www.mihe.ac.uk/student-information,
10023453,10023453,XF,XF,Did not participate,,http://www.matrix-training.org/student-life.html,
10023454,10023454,XF,XF,Silver,,https://www.moorlands.ac.uk/studying/student-experience/student-council,
10023464,10023464,XF,XF,Did not participate,,https://www.nus.org.uk/,
10023526,10023526,XF,XF,Did not participate,Meets requirements,https://www.nus.org.uk/en/students-unions/,
10023777,10023777,XF,XF,Silver,,http://mrsu.uk/,
10024962,10024962,XF,XF,Bronze,Meets requirements,http://www.lccsu.co.uk/,
10028216,10028216,XF,XF,Bronze,,http://www.britcollege.org.uk/whybrit.php,
10029682,10029682,XF,XF,Did not participate,,https://www.islamic-college.ac.uk/,
10030129,10030129,XF,XF,Bronze,,https://nelsoncollege.ac.uk/content/student-support,
10030391,10030391,XF,XF,Did not participate,,https://londonchurchillcollege.ac.uk/student-support/,
10030408,10030408,XI,XI,Did not participate,,https://www.gcs.ac.uk/higher-education#!pnl_all,https://www.gcs.ac.uk/cy/higher-education#!pnl_all
10030776,10030776,XF,XF,Did not participate,,https://www.stmellitus.org/study-with-us,
10031239,10006299,XF,XF,Did not participate,,http://www.staffsunion.com,
10031982,10031982,XF,XF,Did not participate,,http://www.bppstudents.com,
10032072,10032072,XF,XF,Did not participate,,http://www.durhamsu.com/,
10032282,10032282,XF,XF,Provisional,,http://www.queens.ac.uk/life-at-queens/student-involvement,
10032288,10032288,XF,XF,Provisional,,https://www.westdean.org.uk/study/student-information/student-life#block-your-stay-at-west-dean-college,
10032351,10008640,XF,XF,Did not participate,,http://www.fxu.org.uk,
10033187,10033187,XF,XF,Did not participate,,https://fsb.ac.uk/student-union/,
10034324,10034324,XF,XF,Did not participate,,https://www.bucksstudentsunion.org/,
10034450,10034450,XI,XI,Did not participate,,https://my.cavc.ac.uk/en/information-for-students/learner-voice/students-union,https://my.cavc.ac.uk/cy/information-for-students/learner-voice/students-union
10035638,10035638,XF,XF,Bronze,,https://www.nus.org.uk,
10036143,10036143,XF,XF,Did not participate,Meets requirements,http://www.sgscol.ac.uk/content.aspx?Page=student-union,
10036456,10006841,XF,XF,Did not participate,,http://www.boltonsu.com/,
10037344,10007789,XF,XF,Did not participate,Meets requirements,https://www.uea.su/,
10037449,10037449,XF,XF,Silver,Meets requirements,http://www.marjonsu.com/,
10037544,10037544,XF,XF,Bronze,,http://www.nus.org.uk,
10038763,10038763,XF,XF,Did not participate,,http://college.formission.org.uk/ba/programme/,
10039082,10039082,XF,XF,Provisional,,http://www.cityandguildsartschool.ac.uk/about-us/,
10039956,10039956,XF,XF,Gold,,http://www.law.ac.uk/about/student-life/,
10039958,10006840,XF,XF,Did not participate,,http://www.birmingham.ac.uk/students/birmingham/guild.aspx,
10040812,10040812,XF,XF,Gold,Meets requirements,http://www.harpersu.com,
10041295,10041295,XI,XI,Did not participate,,https://www.nus.org.uk/,
10041563,10006841,XF,XF,Did not participate,,http://www.boltonsu.com/,
10041898,10041898,XF,XF,Did not participate,,http://apexcollege.co.uk/,
10042364,10042364,XH,XH,Did not participate,,http://balletwest.ac.uk/,
10042500,10000975,XF,XF,Did not participate,,http://www.bucksstudentsunion.org/,
10042570,10042570,XF,XF,Silver,,https://www.pearsoncollegelondon.ac.uk/for-students/future-students/student-experience.html,
10043164,10000975,XF,XF,Did not participate,,http://www.bucksstudentsunion.org/,
10043208,10001883,XF,XF,Did not participate,,http://www.demontfortstudents.com,
10045289,10045289,XF,XF,Provisional,,https://www.londonmetsu.org.uk/,
10045476,10045476,XF,XF,Provisional,,http://www.uwlsu.com,
10046069,10008640,XF,XF,Did not participate,,http://www.fxu.org.uk,
10046802,10007166,XF,XF,Did not participate,,http://wlv.ac.uk/su,
10047949,10006303,XF,XF,Did not participate,,http://www.stamford.ac.uk/student-union,
10048199,10048199,XF,XF,Provisional,,https://www.nchlondon.ac.uk/student-union/,
10053279,10053279,XF,XF,Did not participate,,http://www.staffs.ac.uk/support_depts/students_union/,
10060725,10003678,XF,XF,Did not participate,,http://www.kusu.co.uk/,
10080811,10080811,XF,XF,Gold,Meets requirements,http://hartpurysu.co.uk/,
10081783,10007166,XF,XF,Did not participate,,http://wlv.ac.uk/su,
99999997,99999997,XF,XF,Did not participate,,https://www.gkunions.co.uk/,
99999998,99999998,XF,XF,Did not participate,,http://www.yusu.org/,
99999999,99999999,XF,XF,Did not participate,,http://www.bsms.ac.uk/undergraduate/campus-life/student-life/,
